date,filename
2021-09-18,ghana-1_34.tif
2021-02-25,ghana-1_235.tif
2021-01-16,eq-guinea_2.tif
2021-09-03,south-america_89.tif
2021-06-25,east-africa_30.tif
2021-06-17,egypt-1_45.tif
2021-06-03,denmark-2_59.tif
2021-10-10,egypt-1_71.tif
2021-01-03,south-america_67.tif
2021-09-16,north-america_44.tif
2021-01-26,ghana-1_221.tif
2021-10-06,east-africa_97.tif
2021-10-05,east-africa_243.tif
2021-09-27,east-africa_58.tif
2021-10-26,ghana-1_164.tif
2021-01-31,south-america_31.tif
2021-10-04,nigeria_174.tif
2021-05-11,egypt-1_38.tif
2021-11-17,ghana-1_90.tif
2021-10-18,japan_29.tif
2021-10-10,north-america_27.tif
2021-04-06,ghana-1_172.tif
2021-04-20,north-america_13.tif
2021-01-11,ghana-1_182.tif
2021-11-14,ghana-1_111.tif
2021-01-28,tanzania-3_7.tif
2021-04-19,europe_48.tif
2021-02-02,south-america_41.tif
2021-11-26,nigeria_58.tif
2021-09-21,europe_95.tif
2021-12-30,senegal_33.tif
2021-07-16,denmark-1_17.tif
2021-11-15,uganda-1_2.tif
2021-07-16,denmark-1_18.tif
2021-01-26,ghana-1_6.tif
2021-08-30,south-america_93.tif
2021-05-27,europe_3.tif
2021-07-08,senegal_62.tif
2021-12-26,east-africa_13.tif
2021-06-24,denmark-2_5.tif
2021-09-05,south-america_6.tif
2021-02-01,nigeria_65.tif
2021-05-26,east-africa_95.tif
2021-07-03,europe_13.tif
2021-12-10,ghana-1_67.tif
2021-12-21,nigeria_50.tif
2021-04-02,nigeria_70.tif
2021-05-10,north-america_12.tif
2021-11-18,south-america_99.tif
2021-09-04,east-africa_129.tif
2021-10-13,south-america_13.tif
2021-05-17,nigeria_104.tif
2021-05-27,east-africa_248.tif
2021-05-23,ghana-1_185.tif
2021-05-14,nigeria_151.tif
2021-01-26,ghana-1_93.tif
2021-05-30,europe_61.tif
2021-11-17,ghana-1_121.tif
2021-03-24,egypt-1_48.tif
2021-06-01,japan_17.tif
2021-05-30,denmark-2_30.tif
2021-09-12,north-america_11.tif
2021-06-08,denmark-2_55.tif
2021-11-20,senegal_34.tif
2021-08-02,east-africa_153.tif
2021-12-29,north-america_96.tif
2021-07-20,south-america_24.tif
2021-03-25,east-africa_142.tif
2021-11-15,east-africa_177.tif
2021-08-19,egypt-1_67.tif
2021-01-22,nigeria_25.tif
2021-11-25,east-africa_181.tif
2021-07-16,denmark-2_20.tif
2021-12-13,nigeria_33.tif
2021-10-14,japan_39.tif
2021-05-23,ghana-1_158.tif
2021-11-06,east-africa_66.tif
2021-08-23,denmark-2_31.tif
2021-06-11,east-africa_159.tif
2021-11-08,east-africa_168.tif
2021-05-23,ghana-1_159.tif
2021-02-03,nigeria_124.tif
2021-01-26,ghana-1_231.tif
2021-01-26,ghana-1_14.tif
2021-08-25,east-africa_154.tif
2021-01-26,ghana-1_157.tif
2021-03-31,japan_2.tif
2021-01-29,east-africa_201.tif
2021-10-05,east-africa_47.tif
2021-10-07,isreal-2_2.tif
2021-03-25,ghana-1_71.tif
2021-08-16,europe_8.tif
2021-12-25,denmark-2_15.tif
2021-02-03,ghana-1_61.tif
2021-05-08,east-africa_6.tif
2021-04-24,senegal_55.tif
2021-01-26,ghana-1_191.tif
2021-03-16,denmark-2_17.tif
2021-10-13,south-america_12.tif
2021-03-25,ghana-1_72.tif
2021-04-02,nigeria_76.tif
2021-07-27,europe_96.tif
2021-05-01,europe_24.tif
2021-11-27,ghana-1_243.tif
2021-10-29,nigeria_96.tif
2021-08-27,nigeria_150.tif
2021-11-23,east-africa_182.tif
2021-06-16,europe_28.tif
2021-09-09,europe_20.tif
2021-05-29,denmark-2_18.tif
2021-09-18,east-africa_78.tif
2021-11-08,senegal_24.tif
2021-12-10,nigeria_57.tif
2021-04-24,egypt-1_21.tif
2021-05-23,ghana-1_232.tif
2021-03-13,japan_20.tif
2021-07-02,east-africa_3.tif
2021-12-29,north-america_95.tif
2021-06-17,ghana-1_204.tif
2021-07-16,denmark-2_45.tif
2021-10-04,nigeria_98.tif
2021-04-03,europe_69.tif
2021-01-26,ghana-1_250.tif
2021-04-29,egypt-1_65.tif
2021-11-15,nigeria_56.tif
2021-07-19,south-america_43.tif
2021-04-24,egypt-1_57.tif
2021-02-28,nigeria_155.tif
2021-02-22,north-america_85.tif
2021-03-16,denmark-2_16.tif
2021-12-13,nigeria_66.tif
2021-02-15,east-africa_186.tif
2021-04-28,egypt-1_49.tif
2021-03-20,east-africa_146.tif
2021-07-07,north-america_9.tif
2021-09-09,denmark-1_11.tif
2021-03-25,north-america_50.tif
2021-02-28,uganda-1_1.tif
2021-09-01,denmark-1_12.tif
2021-07-31,east-africa_152.tif
2021-07-26,east-africa_169.tif
2021-06-17,ghana-1_160.tif
2021-02-23,ghana-1_69.tif
2021-10-13,ghana-1_174.tif
2021-03-16,denmark-1_31.tif
2021-06-24,denmark-1_5.tif
2021-04-07,east-africa_70.tif
2021-03-26,nigeria_7.tif
2021-10-26,east-africa_133.tif
2021-10-18,nigeria_161.tif
2021-08-28,east-africa_240.tif
2021-12-23,senegal_50.tif
2021-05-25,east-africa_53.tif
2021-01-19,nigeria_175.tif
2021-10-20,north-america_84.tif
2021-05-29,east-africa_190.tif
2021-10-30,europe_21.tif
2021-03-14,east-africa_245.tif
2021-08-25,east-africa_216.tif
2021-11-17,ghana-1_161.tif
2021-03-05,denmark-2_48.tif
2021-08-22,egypt-1_20.tif
2021-10-07,east-africa_249.tif
2021-04-19,europe_55.tif
2021-04-26,ghana-1_194.tif
2021-01-26,ghana-1_15.tif
2021-04-23,europe_23.tif
2021-02-27,nigeria_35.tif
2021-02-10,ghana-1_84.tif
2021-01-11,ghana-1_197.tif
2021-05-11,europe_72.tif
2021-07-21,europe_60.tif
2021-11-29,south-america_85.tif
2021-01-11,ghana-1_151.tif
2021-12-03,north-america_52.tif
2021-02-05,ghana-1_212.tif
2021-05-24,egypt-1_36.tif
2021-09-25,south-america_45.tif
2021-11-05,ghana-1_29.tif
2021-05-30,europe_62.tif
2021-04-26,ghana-1_202.tif
2021-12-27,ghana-1_57.tif
2021-05-23,ghana-1_116.tif
2021-06-28,europe_29.tif
2021-04-18,south-america_71.tif
2021-06-02,tanzania-3_2.tif
2021-05-14,ghana-1_77.tif
2021-01-24,nigeria_129.tif
2021-02-16,europe_98.tif
2021-01-22,nigeria_15.tif
2021-04-20,denmark-2_9.tif
2021-03-10,east-africa_194.tif
2021-01-11,ghana-1_179.tif
2021-04-16,ghana-1_173.tif
2021-08-30,denmark-2_2.tif
2021-07-16,denmark-1_10.tif
2021-03-16,denmark-1_1.tif
2021-08-08,south-america_53.tif
2021-07-16,denmark-2_34.tif
2021-02-15,ghana-1_56.tif
2021-10-10,north-america_22.tif
2021-05-01,ghana-1_163.tif
2021-05-27,senegal_21.tif
2021-04-19,europe_46.tif
2021-08-15,japan_21.tif
2021-02-10,east-africa_218.tif
2021-05-11,ghana-1_146.tif
2021-10-06,senegal_31.tif
2021-08-26,north-america_0.tif
2021-05-25,east-africa_12.tif
2021-11-17,ghana-1_143.tif
2021-05-24,egypt-1_27.tif
2021-12-30,ghana-1_152.tif
2021-08-30,nigeria_94.tif
2021-09-18,ghana-1_33.tif
2021-09-06,ghana-1_246.tif
2021-07-20,south-america_32.tif
2021-07-16,denmark-1_4.tif
2021-04-11,ghana-1_130.tif
2021-02-13,ghana-1_124.tif
2021-04-25,isreal-1_3.tif
2021-01-08,east-africa_224.tif
2021-05-01,ghana-1_107.tif
2021-05-29,north-america_67.tif
2021-06-17,ghana-1_113.tif
2021-02-28,senegal_61.tif
2021-10-28,east-africa_81.tif
2021-06-14,east-africa_60.tif
2021-09-09,denmark-1_39.tif
2021-03-26,nigeria_14.tif
2021-02-15,ghana-1_103.tif
2021-02-15,east-africa_140.tif
2021-11-23,nigeria_103.tif
2021-03-30,denmark-1_57.tif
2021-08-26,north-america_14.tif
2021-05-11,ghana-1_20.tif
2021-12-26,egypt-1_17.tif
2021-06-08,denmark-1_59.tif
2021-08-31,east-africa_51.tif
2021-09-07,europe_5.tif
2021-01-26,ghana-1_119.tif
2021-09-01,europe_36.tif
2021-09-23,east-africa_210.tif
2021-02-15,ghana-1_40.tif
2021-08-25,east-africa_149.tif
2021-09-06,south-america_96.tif
2021-07-01,south-america_54.tif
2021-11-15,south-america_3.tif
2021-04-20,nigeria_83.tif
2021-06-07,east-africa_48.tif
2021-12-27,north-america_92.tif
2021-02-21,senegal_14.tif
2021-04-03,egypt-1_53.tif
2021-04-04,nigeria_132.tif
2021-03-08,nigeria_110.tif
2021-11-25,ghana-1_37.tif
2021-03-02,south-america_36.tif
2021-04-20,denmark-2_14.tif
2021-11-09,east-africa_5.tif
2021-05-05,east-africa_14.tif
2021-09-16,japan_32.tif
2021-03-26,nigeria_47.tif
2021-01-26,ghana-1_45.tif
2021-02-09,nigeria_51.tif
2021-07-18,east-africa_36.tif
2021-12-13,nigeria_34.tif
2021-06-26,japan_14.tif
2021-10-24,nigeria_54.tif
2021-10-04,nigeria_107.tif
2021-06-06,nigeria_71.tif
2021-02-03,east-africa_165.tif
2021-03-17,egypt-1_41.tif
2021-11-12,ghana-1_102.tif
2021-01-11,nigeria_137.tif
2021-03-10,nigeria_170.tif
2021-09-09,denmark-1_2.tif
2021-11-17,ghana-1_193.tif
2021-03-26,nigeria_10.tif
2021-03-07,egypt-1_31.tif
2021-03-26,nigeria_6.tif
2021-04-22,south-america_57.tif
2021-05-20,east-africa_65.tif
2021-05-01,ghana-1_108.tif
2021-12-13,nigeria_32.tif
2021-12-10,ghana-1_68.tif
2021-11-27,ghana-1_206.tif
2021-05-29,europe_74.tif
2021-05-11,nigeria_148.tif
2021-09-01,denmark-2_29.tif
2021-01-26,ghana-1_177.tif
2021-09-17,south-america_48.tif
2021-02-19,south-america_47.tif
2021-12-12,uganda-1_6.tif
2021-12-23,nigeria_17.tif
2021-09-18,egypt-1_34.tif
2021-02-10,ghana-1_223.tif
2021-01-20,north-america_57.tif
2021-08-25,east-africa_104.tif
2021-11-22,east-africa_113.tif
2021-12-26,isreal-2_5.tif
2021-08-01,south-america_40.tif
2021-10-09,north-america_39.tif
2021-05-01,ghana-1_35.tif
2021-07-03,east-africa_118.tif
2021-02-20,south-america_70.tif
2021-06-16,denmark-2_23.tif
2021-07-20,north-america_20.tif
2021-03-11,east-africa_237.tif
2021-02-03,nigeria_126.tif
2021-03-16,denmark-1_7.tif
2021-11-17,ghana-1_150.tif
2021-09-01,north-america_42.tif
2021-04-16,europe_88.tif
2021-08-19,egypt-1_39.tif
2021-06-17,ghana-1_105.tif
2021-06-03,nigeria_134.tif
2021-08-10,senegal_13.tif
2021-01-15,south-america_46.tif
2021-01-17,japan_16.tif
2021-06-15,east-africa_124.tif
2021-12-16,nigeria_36.tif
2021-01-26,ghana-1_141.tif
2021-06-08,east-africa_193.tif
2021-08-03,south-america_74.tif
2021-07-26,senegal_48.tif
2021-01-29,ghana-1_38.tif
2021-07-27,south-america_22.tif
2021-07-02,east-africa_10.tif
2021-12-23,senegal_18.tif
2021-01-11,ghana-1_181.tif
2021-09-06,east-africa_37.tif
2021-07-09,east-africa_52.tif
2021-01-31,egypt-1_18.tif
2021-10-11,egypt-1_62.tif
2021-03-16,denmark-2_4.tif
2021-06-02,nigeria_62.tif
2021-11-25,nigeria_164.tif
2021-09-09,denmark-1_35.tif
2021-12-04,eq-guinea_5.tif
2021-12-12,east-africa_28.tif
2021-01-11,ghana-1_4.tif
2021-12-30,ghana-1_60.tif
2021-07-17,egypt-1_70.tif
2021-05-29,south-america_59.tif
2021-10-07,east-africa_19.tif
2021-06-26,tanzania-2_1.tif
2021-01-01,nigeria_146.tif
2021-03-12,east-africa_125.tif
2021-01-20,nigeria_39.tif
2021-12-27,south-america_62.tif
2021-01-26,ghana-1_199.tif
2021-09-09,denmark-2_3.tif
2021-07-01,east-africa_150.tif
2021-12-23,senegal_3.tif
2021-08-17,east-africa_203.tif
2021-12-23,senegal_16.tif
2021-06-08,denmark-2_57.tif
2021-01-02,senegal_4.tif
2021-06-12,north-america_5.tif
2021-02-23,ghana-1_39.tif
2021-02-03,east-africa_178.tif
2021-02-03,south-america_97.tif
2021-04-20,nigeria_64.tif
2021-09-09,denmark-2_43.tif
2021-08-26,east-africa_24.tif
2021-05-01,ghana-1_147.tif
2021-09-09,denmark-1_34.tif
2021-09-29,senegal_12.tif
2021-09-03,denmark-2_58.tif
2021-05-29,east-africa_134.tif
2021-03-26,nigeria_11.tif
2021-12-16,nigeria_52.tif
2021-07-16,europe_26.tif
2021-08-15,south-america_2.tif
2021-04-28,north-america_8.tif
2021-10-06,south-america_4.tif
2021-06-25,north-america_46.tif
2021-05-03,europe_25.tif
2021-06-17,europe_15.tif
2021-06-10,south-america_23.tif
2021-06-26,japan_11.tif
2021-09-29,north-america_48.tif
2021-12-26,isreal-2_9.tif
2021-12-10,nigeria_130.tif
2021-06-02,europe_93.tif
2021-12-25,ghana-1_32.tif
2021-11-21,nigeria_82.tif
2021-05-25,east-africa_59.tif
2021-05-24,ghana-1_17.tif
2021-05-14,senegal_54.tif
2021-09-09,denmark-2_35.tif
2021-10-15,south-america_69.tif
2021-10-11,egypt-1_23.tif
2021-10-11,egypt-1_66.tif
2021-03-27,north-america_16.tif
2021-10-11,egypt-1_12.tif
2021-07-24,north-america_89.tif
2021-12-13,nigeria_89.tif
2021-06-24,denmark-2_11.tif
2021-08-28,east-africa_56.tif
2021-09-03,south-america_8.tif
2021-10-13,south-america_5.tif
2021-12-09,egypt-1_51.tif
2021-03-26,nigeria_2.tif
2021-08-25,east-africa_101.tif
2021-01-31,east-africa_80.tif
2021-06-29,north-america_64.tif
2021-11-19,east-africa_9.tif
2021-10-08,east-africa_82.tif
2021-03-27,nigeria_165.tif
2021-10-28,east-africa_225.tif
2021-05-01,ghana-1_125.tif
2021-12-23,nigeria_38.tif
2021-09-03,north-america_31.tif
2021-11-15,nigeria_176.tif
2021-05-06,nigeria_142.tif
2021-08-07,east-africa_195.tif
2021-02-06,nigeria_105.tif
2021-05-25,east-africa_234.tif
2021-01-31,south-america_37.tif
2021-08-07,east-africa_184.tif
2021-07-02,north-america_29.tif
2021-07-10,east-africa_32.tif
2021-01-26,ghana-1_97.tif
2021-04-19,east-africa_196.tif
2021-05-19,egypt-1_22.tif
2021-12-16,nigeria_37.tif
2021-10-02,south-america_50.tif
2021-01-26,ghana-1_135.tif
2021-05-11,ghana-1_100.tif
2021-09-27,east-africa_239.tif
2021-02-17,south-america_73.tif
2021-04-23,europe_41.tif
2021-09-30,south-america_68.tif
2021-10-26,ghana-1_211.tif
2021-02-16,nigeria_73.tif
2021-05-30,denmark-2_21.tif
2021-01-04,senegal_30.tif
2021-06-10,north-america_25.tif
2021-01-26,ghana-1_200.tif
2021-03-02,ghana-1_162.tif
2021-04-24,south-america_11.tif
2021-04-15,north-america_75.tif
2021-11-15,senegal_56.tif
2021-04-26,ghana-1_186.tif
2021-04-13,north-america_87.tif
2021-08-30,denmark-2_38.tif
2021-05-10,east-africa_61.tif
2021-09-22,isreal-1_1.tif
2021-12-26,east-africa_1.tif
2021-03-28,senegal_43.tif
2021-12-13,nigeria_75.tif
2021-11-17,ghana-1_156.tif
2021-09-18,egypt-1_55.tif
2021-07-16,denmark-2_19.tif
2021-12-12,east-africa_40.tif
2021-01-11,ghana-1_249.tif
2021-11-08,nigeria_113.tif
2021-04-26,south-america_1.tif
2021-10-11,europe_34.tif
2021-08-30,east-africa_200.tif
2021-09-26,ghana-1_18.tif
2021-04-08,north-america_6.tif
2021-12-07,east-africa_84.tif
2021-09-27,south-america_76.tif
2021-09-09,denmark-2_1.tif
2021-04-09,senegal_45.tif
2021-03-25,ghana-1_27.tif
2021-02-07,europe_82.tif
2021-11-27,ghana-1_58.tif
2021-09-08,north-america_26.tif
2021-01-16,eq-guinea_4.tif
2021-09-05,east-africa_91.tif
2021-10-09,north-america_70.tif
2021-08-23,east-africa_20.tif
2021-05-19,north-america_40.tif
2021-04-27,japan_27.tif
2021-10-14,japan_24.tif
2021-12-16,nigeria_9.tif
2021-11-19,east-africa_72.tif
2021-09-01,europe_40.tif
2021-05-01,ghana-1_217.tif
2021-01-28,east-africa_76.tif
2021-12-13,nigeria_90.tif
2021-04-10,nigeria_42.tif
2021-01-26,ghana-1_120.tif
2021-04-28,egypt-1_19.tif
2021-06-26,japan_8.tif
2021-11-17,ghana-1_110.tif
2021-05-15,north-america_60.tif
2021-04-14,europe_92.tif
2021-03-10,egypt-1_64.tif
2021-08-05,north-america_69.tif
2021-11-25,nigeria_160.tif
2021-08-22,egypt-1_11.tif
2021-10-09,north-america_65.tif
2021-01-28,east-africa_89.tif
2021-10-01,east-africa_120.tif
2021-03-04,north-america_98.tif
2021-05-29,denmark-1_28.tif
2021-08-26,east-africa_50.tif
2021-06-08,denmark-1_24.tif
2021-10-07,isreal-1_7.tif
2021-03-10,east-africa_127.tif
2021-08-26,east-africa_221.tif
2021-12-23,nigeria_19.tif
2021-12-18,egypt-1_7.tif
2021-11-23,senegal_11.tif
2021-10-10,north-america_19.tif
2021-11-15,senegal_36.tif
2021-04-07,east-africa_16.tif
2021-08-25,east-africa_199.tif
2021-01-13,south-america_30.tif
2021-08-24,nigeria_145.tif
2021-02-03,east-africa_192.tif
2021-02-03,east-africa_144.tif
2021-06-10,south-america_10.tif
2021-12-30,ghana-1_133.tif
2021-09-27,east-africa_88.tif
2021-05-01,ghana-1_165.tif
2021-04-11,ghana-1_205.tif
2021-11-15,senegal_35.tif
2021-11-13,nigeria_102.tif
2021-03-19,egypt-1_50.tif
2021-09-22,south-america_81.tif
2021-02-28,east-africa_179.tif
2021-08-31,east-africa_75.tif
2021-03-20,south-america_9.tif
2021-12-10,nigeria_20.tif
2021-03-20,east-africa_176.tif
2021-09-13,east-africa_33.tif
2021-09-09,nigeria_97.tif
2021-03-25,east-africa_208.tif
2021-08-07,egypt-1_15.tif
2021-03-30,north-america_47.tif
2021-07-01,east-africa_198.tif
2021-12-10,nigeria_27.tif
2021-10-04,nigeria_100.tif
2021-07-08,senegal_52.tif
2021-08-27,east-africa_170.tif
2021-09-26,east-africa_180.tif
2021-10-30,north-america_94.tif
2021-05-24,east-africa_98.tif
2021-03-14,east-africa_92.tif
2021-10-13,nigeria_138.tif
2021-01-11,ghana-1_195.tif
2021-07-18,japan_31.tif
2021-09-28,south-america_88.tif
2021-09-09,denmark-2_49.tif
2021-04-19,europe_75.tif
2021-06-20,east-africa_27.tif
2021-02-13,ghana-1_70.tif
2021-08-20,nigeria_118.tif
2021-06-10,nigeria_158.tif
2021-01-26,ghana-1_198.tif
2021-10-14,nigeria_74.tif
2021-09-11,north-america_53.tif
2021-07-28,japan_30.tif
2021-09-04,europe_52.tif
2021-10-07,east-africa_69.tif
2021-03-02,ghana-1_89.tif
2021-06-16,senegal_6.tif
2021-09-04,senegal_22.tif
2021-10-07,east-africa_235.tif
2021-06-22,north-america_17.tif
2021-12-20,nigeria_135.tif
2021-09-27,isreal-1_8.tif
2021-06-16,denmark-2_28.tif
2021-01-08,east-africa_232.tif
2021-01-21,ghana-1_215.tif
2021-11-15,east-africa_110.tif
2021-06-17,ghana-1_148.tif
2021-04-09,north-america_33.tif
2021-08-04,east-africa_126.tif
2021-09-06,south-america_90.tif
2021-08-17,east-africa_205.tif
2021-08-09,east-africa_246.tif
2021-10-03,ghana-1_98.tif
2021-08-05,east-africa_99.tif
2021-11-10,ghana-1_251.tif
2021-12-30,ghana-1_10.tif
2021-08-07,europe_99.tif
2021-01-28,south-america_42.tif
2021-10-06,egypt-1_9.tif
2021-12-07,south-america_61.tif
2021-04-19,europe_47.tif
2021-05-11,ghana-1_50.tif
2021-03-11,east-africa_238.tif
2021-05-30,europe_32.tif
2021-08-31,egypt-1_44.tif
2021-04-25,isreal-1_6.tif
2021-07-26,east-africa_106.tif
2021-01-16,south-america_60.tif
2021-05-25,east-africa_64.tif
2021-01-05,north-america_81.tif
2021-01-04,senegal_32.tif
2021-09-21,east-africa_163.tif
2021-02-11,egypt-1_52.tif
2021-02-09,nigeria_84.tif
2021-02-27,tanzania-3_1.tif
2021-05-29,europe_50.tif
2021-12-10,nigeria_128.tif
2021-10-15,south-america_25.tif
2021-02-15,ghana-1_82.tif
2021-04-10,japan_19.tif
2021-05-29,denmark-1_26.tif
2021-07-20,south-america_19.tif
2021-07-03,east-africa_187.tif
2021-05-21,east-africa_44.tif
2021-01-19,nigeria_111.tif
2021-02-25,ghana-1_51.tif
2021-06-20,east-africa_43.tif
2021-05-27,east-africa_15.tif
2021-12-23,nigeria_16.tif
2021-10-21,east-africa_209.tif
2021-03-26,nigeria_45.tif
2021-11-17,ghana-1_88.tif
2021-05-29,europe_76.tif
2021-07-23,east-africa_147.tif
2021-05-24,east-africa_143.tif
2021-05-11,ghana-1_209.tif
2021-03-12,south-america_16.tif
2021-01-27,senegal_0.tif
2021-08-17,east-africa_213.tif
2021-07-24,south-america_79.tif
2021-03-24,north-america_90.tif
2021-10-03,ghana-1_99.tif
2021-05-19,egypt-1_60.tif
2021-12-27,ghana-1_210.tif
2021-03-26,nigeria_48.tif
2021-07-30,europe_6.tif
2021-06-17,ghana-1_189.tif
2021-10-24,east-africa_183.tif
2021-01-15,south-america_21.tif
2021-12-01,south-america_49.tif
2021-01-26,ghana-1_9.tif
2021-06-17,europe_17.tif
2021-03-31,europe_19.tif
2021-04-09,senegal_53.tif
2021-10-06,senegal_37.tif
2021-06-03,east-africa_116.tif
2021-02-26,senegal_7.tif
2021-07-10,east-africa_35.tif
2021-03-12,east-africa_73.tif
2021-12-27,ghana-1_128.tif
2021-10-31,denmark-2_22.tif
2021-03-07,egypt-1_43.tif
2021-06-01,japan_18.tif
2021-01-26,ghana-1_240.tif
2021-01-16,south-america_72.tif
2021-05-15,north-america_61.tif
2021-03-12,east-africa_31.tif
2021-11-20,senegal_29.tif
2021-05-23,ghana-1_139.tif
2021-01-29,east-africa_214.tif
2021-01-05,north-america_99.tif
2021-02-28,north-america_68.tif
2021-04-12,north-america_74.tif
2021-02-14,nigeria_61.tif
2021-09-26,ghana-1_16.tif
2021-06-10,nigeria_141.tif
2021-08-31,east-africa_87.tif
2021-08-25,east-africa_151.tif
2021-06-13,uganda-1_3.tif
2021-10-13,nigeria_149.tif
2021-08-26,east-africa_227.tif
2021-07-05,east-africa_42.tif
2021-01-26,ghana-1_142.tif
2021-07-09,east-africa_236.tif
2021-02-15,ghana-1_144.tif
2021-06-18,north-america_45.tif
2021-05-11,ghana-1_149.tif
2021-05-29,denmark-1_33.tif
2021-12-10,nigeria_26.tif
2021-11-22,ghana-1_30.tif
2021-12-10,ghana-1_65.tif
2021-07-16,denmark-1_27.tif
2021-05-23,ghana-1_117.tif
2021-07-05,south-america_28.tif
2021-11-20,senegal_27.tif
2021-07-19,japan_15.tif
2021-06-02,europe_71.tif
2021-06-13,east-africa_173.tif
2021-05-25,east-africa_63.tif
2021-11-29,north-america_3.tif
2021-04-12,egypt-1_10.tif
2021-05-25,east-africa_62.tif
2021-03-09,north-america_93.tif
2021-02-01,egypt-1_8.tif
2021-03-16,denmark-1_25.tif
2021-08-04,east-africa_83.tif
2021-06-01,japan_9.tif
2021-01-18,east-africa_74.tif
2021-06-02,europe_90.tif
2021-09-18,ghana-1_25.tif
2021-02-14,nigeria_44.tif
2021-10-07,isreal-1_4.tif
2021-01-26,ghana-1_175.tif
2021-02-27,east-africa_222.tif
2021-12-26,isreal-1_9.tif
2021-04-24,denmark-1_58.tif
2021-01-26,senegal_64.tif
2021-12-18,east-africa_161.tif
2021-06-26,europe_66.tif
2021-02-13,ghana-1_64.tif
2021-12-25,denmark-1_21.tif
2021-06-23,japan_38.tif
2021-07-31,east-africa_102.tif
2021-08-25,east-africa_103.tif
2021-10-13,egypt-1_16.tif
2021-10-14,senegal_15.tif
2021-06-17,ghana-1_134.tif
2021-10-10,north-america_82.tif
2021-05-23,nigeria_59.tif
2021-08-29,egypt-1_33.tif
2021-06-16,denmark-2_37.tif
2021-04-28,egypt-1_46.tif
2021-06-26,japan_37.tif
2021-07-02,south-america_26.tif
2021-03-26,nigeria_3.tif
2021-11-14,ghana-1_230.tif
2021-11-17,ghana-1_42.tif
2021-03-31,north-america_62.tif
2021-03-20,east-africa_175.tif
2021-03-07,egypt-1_75.tif
2021-07-22,europe_79.tif
2021-06-23,nigeria_108.tif
2021-06-06,north-america_51.tif
2021-06-17,europe_16.tif
2021-08-26,tanzania-3_4.tif
2021-01-12,nigeria_78.tif
2021-01-26,nigeria_144.tif
2021-02-15,east-africa_137.tif
2021-09-13,east-africa_219.tif
2021-08-25,east-africa_157.tif
2021-08-24,east-africa_123.tif
2021-08-26,europe_78.tif
2021-04-19,europe_56.tif
2021-09-24,north-america_71.tif
2021-09-09,europe_18.tif
2021-11-26,nigeria_81.tif
2021-07-16,europe_51.tif
2021-05-11,ghana-1_94.tif
2021-02-06,north-america_58.tif
2021-05-10,north-america_59.tif
2021-08-26,south-america_78.tif
2021-03-12,south-america_17.tif
2021-02-15,ghana-1_52.tif
2021-06-24,south-america_58.tif
2021-05-29,europe_57.tif
2021-10-05,east-africa_23.tif
2021-07-08,tanzania-2_4.tif
2021-12-10,nigeria_21.tif
2021-03-20,senegal_47.tif
2021-11-25,ghana-1_63.tif
2021-08-26,south-america_77.tif
2021-01-26,ghana-1_96.tif
2021-10-31,egypt-1_56.tif
2021-02-15,ghana-1_48.tif
2021-02-03,south-america_98.tif
2021-05-28,europe_67.tif
2021-02-10,ghana-1_43.tif
2021-11-27,ghana-1_83.tif
2021-11-17,ghana-1_87.tif
2021-06-23,south-america_82.tif
2021-12-30,senegal_28.tif
2021-12-26,north-america_18.tif
2021-10-10,north-america_91.tif
2021-01-26,ghana-1_112.tif
2021-11-17,ghana-1_214.tif
2021-10-26,east-africa_115.tif
2021-01-26,ghana-1_8.tif
2021-01-26,ghana-1_3.tif
2021-10-04,nigeria_72.tif
2021-06-12,europe_2.tif
2021-11-13,nigeria_109.tif
2021-04-19,denmark-1_54.tif
2021-09-01,denmark-1_45.tif
2021-07-08,ghana-1_28.tif
2021-01-28,tanzania-3_6.tif
2021-01-26,ghana-1_136.tif
2021-01-26,ghana-1_2.tif
2021-10-24,nigeria_69.tif
2021-09-01,north-america_38.tif
2021-01-07,senegal_1.tif
2021-03-10,egypt-1_47.tif
2021-07-16,denmark-1_29.tif
2021-08-25,east-africa_155.tif
2021-09-18,north-america_21.tif
2021-10-17,north-america_78.tif
2021-08-14,south-america_83.tif
2021-09-01,denmark-2_47.tif
2021-01-28,south-america_38.tif
2021-12-12,east-africa_188.tif
2021-08-25,east-africa_160.tif
2021-05-11,ghana-1_22.tif
2021-03-26,nigeria_41.tif
2021-08-24,egypt-1_35.tif
2021-05-23,ghana-1_184.tif
2021-01-18,south-america_29.tif
2021-12-30,east-africa_174.tif
2021-08-30,denmark-1_41.tif
2021-07-20,south-america_39.tif
2021-05-23,ghana-1_114.tif
2021-07-16,denmark-2_10.tif
2021-09-15,europe_89.tif
2021-08-13,east-africa_67.tif
2021-10-14,north-america_35.tif
2021-02-10,ghana-1_55.tif
2021-06-03,nigeria_173.tif
2021-05-25,east-africa_18.tif
2021-04-10,nigeria_12.tif
2021-02-13,nigeria_114.tif
2021-05-26,europe_22.tif
2021-01-11,ghana-1_244.tif
2021-02-28,east-africa_130.tif
2021-01-24,egypt-1_63.tif
2021-07-14,isreal-1_5.tif
2021-11-27,ghana-1_80.tif
2021-07-16,europe_31.tif
2021-05-23,ghana-1_213.tif
2021-12-02,ghana-1_26.tif
2021-11-07,ghana-1_245.tif
2021-10-26,east-africa_121.tif
2021-01-16,eq-guinea_6.tif
2021-11-12,ghana-1_225.tif
2021-12-13,nigeria_53.tif
2021-03-07,nigeria_147.tif
2021-04-14,egypt-1_59.tif
2021-11-25,nigeria_121.tif
2021-07-30,egypt-1_29.tif
2021-11-06,japan_12.tif
2021-04-01,south-america_0.tif
2021-01-11,nigeria_156.tif
2021-11-03,senegal_41.tif
2021-12-30,senegal_40.tif
2021-11-15,east-africa_164.tif
2021-03-12,east-africa_171.tif
2021-02-23,ghana-1_208.tif
2021-12-20,nigeria_119.tif
2021-12-10,nigeria_24.tif
2021-11-12,ghana-1_95.tif
2021-10-14,senegal_20.tif
2021-04-11,ghana-1_118.tif
2021-07-15,north-america_23.tif
2021-01-27,senegal_42.tif
2021-10-26,east-africa_247.tif
2021-10-28,europe_87.tif
2021-11-10,nigeria_163.tif
2021-01-26,ghana-1_155.tif
2021-11-08,east-africa_162.tif
2021-08-28,east-africa_21.tif
2021-11-17,ghana-1_201.tif
2021-01-26,ghana-1_222.tif
2021-01-31,south-america_34.tif
2021-09-04,europe_84.tif
2021-09-09,denmark-1_46.tif
2021-12-28,nigeria_92.tif
2021-07-27,europe_97.tif
2021-02-03,east-africa_108.tif
2021-11-17,ghana-1_91.tif
2021-08-25,east-africa_156.tif
2021-05-29,denmark-1_43.tif
2021-12-12,east-africa_138.tif
2021-09-18,ghana-1_49.tif
2021-01-06,ghana-1_79.tif
2021-07-25,europe_86.tif
2021-07-19,europe_65.tif
2021-01-29,east-africa_189.tif
2021-06-09,nigeria_93.tif
2021-06-28,east-africa_206.tif
2021-06-08,denmark-1_56.tif
2021-04-17,senegal_17.tif
2021-07-18,east-africa_145.tif
2021-05-22,tanzania-2_2.tif
2021-08-31,east-africa_7.tif
2021-09-18,east-africa_29.tif
2021-09-02,japan_13.tif
2021-03-22,nigeria_133.tif
2021-08-28,east-africa_54.tif
2021-10-07,isreal-2_1.tif
2021-01-20,nigeria_0.tif
2021-11-02,nigeria_139.tif
2021-02-12,egypt-1_54.tif
2021-12-26,isreal-2_6.tif
2021-04-25,europe_68.tif
2021-05-11,ghana-1_81.tif
2021-01-26,ghana-1_7.tif
2021-01-28,north-america_83.tif
2021-05-23,ghana-1_238.tif
2021-02-23,ghana-1_23.tif
2021-05-14,nigeria_152.tif
2021-09-11,east-africa_117.tif
2021-11-24,east-africa_4.tif
2021-04-26,senegal_67.tif
2021-09-06,north-america_34.tif
2021-07-16,denmark-1_30.tif
2021-04-26,ghana-1_187.tif
2021-03-05,europe_33.tif
2021-07-12,egypt-1_72.tif
2021-08-31,europe_54.tif
2021-09-02,europe_70.tif
2021-09-21,egypt-1_13.tif
2021-02-15,ghana-1_41.tif
2021-04-09,east-africa_204.tif
2021-04-02,nigeria_117.tif
2021-10-24,nigeria_30.tif
2021-11-17,ghana-1_46.tif
2021-08-26,east-africa_228.tif
2021-08-07,east-africa_191.tif
2021-04-20,nigeria_86.tif
2021-06-02,east-africa_85.tif
2021-03-26,nigeria_46.tif
2021-07-24,east-africa_233.tif
2021-10-15,egypt-1_69.tif
2021-02-03,ghana-1_74.tif
2021-09-01,denmark-2_52.tif
2021-05-11,ghana-1_145.tif
2021-12-30,ghana-1_12.tif
2021-07-26,japan_3.tif
2021-05-09,denmark-1_53.tif
2021-01-06,ghana-1_54.tif
2021-06-16,denmark-1_19.tif
2021-09-21,tanzania-2_3.tif
2021-01-26,nigeria_131.tif
2021-11-15,east-africa_202.tif
2021-09-21,east-africa_148.tif
2021-02-26,senegal_10.tif
2021-03-02,east-africa_112.tif
2021-02-11,south-america_56.tif
2021-04-16,ghana-1_24.tif
2021-03-10,egypt-1_40.tif
2021-02-10,ghana-1_126.tif
2021-10-15,south-america_27.tif
2021-01-11,ghana-1_5.tif
2021-04-12,north-america_72.tif
2021-10-10,egypt-1_68.tif
2021-03-17,egypt-1_26.tif
2021-10-24,east-africa_197.tif
2021-02-03,nigeria_31.tif
2021-01-26,ghana-1_13.tif
2021-08-04,east-africa_244.tif
2021-09-18,egypt-1_37.tif
2021-12-26,denmark-2_25.tif
2021-01-26,ghana-1_220.tif
2021-02-13,nigeria_116.tif
2021-06-13,denmark-1_22.tif
2021-06-17,east-africa_57.tif
2021-06-28,europe_38.tif
2021-12-05,senegal_51.tif
2021-10-07,east-africa_241.tif
2021-12-30,ghana-1_66.tif
2021-05-16,east-africa_139.tif
2021-12-13,nigeria_177.tif
2021-03-24,south-america_65.tif
2021-11-11,east-africa_0.tif
2021-09-27,south-america_75.tif
2021-11-15,nigeria_167.tif
2021-03-12,east-africa_94.tif
2021-04-14,denmark-1_48.tif
2021-07-22,south-america_84.tif
2021-02-03,nigeria_136.tif
2021-10-09,east-africa_107.tif
2021-07-16,denmark-2_7.tif
2021-09-09,denmark-2_12.tif
2021-01-17,nigeria_22.tif
2021-05-14,nigeria_172.tif
2021-10-08,east-africa_71.tif
2021-08-26,east-africa_223.tif
2021-09-27,north-america_80.tif
2021-07-16,senegal_44.tif
2021-09-17,north-america_76.tif
2021-08-26,east-africa_230.tif
2021-02-19,south-america_44.tif
2021-11-06,east-africa_55.tif
2021-09-25,north-america_30.tif
2021-12-16,nigeria_8.tif
2021-07-08,nigeria_168.tif
2021-01-16,north-america_24.tif
2021-06-08,denmark-1_55.tif
2021-12-23,nigeria_55.tif
2021-11-12,ghana-1_101.tif
2021-11-29,north-america_88.tif
2021-07-16,denmark-2_33.tif
2021-06-28,europe_37.tif
2021-02-23,ghana-1_226.tif
2021-09-01,denmark-1_47.tif
2021-09-13,east-africa_242.tif
2021-07-28,east-africa_109.tif
2021-06-28,east-africa_79.tif
2021-08-13,europe_0.tif
2021-06-03,nigeria_171.tif
2021-05-24,egypt-1_58.tif
2021-08-29,europe_73.tif
2021-06-17,ghana-1_228.tif
2021-05-29,europe_59.tif
2021-05-23,ghana-1_218.tif
2021-12-16,nigeria_13.tif
2021-10-11,egypt-1_25.tif
2021-11-15,nigeria_125.tif
2021-07-16,denmark-2_36.tif
2021-04-12,japan_28.tif
2021-02-16,nigeria_106.tif
2021-07-16,denmark-1_3.tif
2021-04-04,ghana-1_253.tif
2021-04-14,east-africa_217.tif
2021-12-27,ghana-1_236.tif
2021-07-10,east-africa_93.tif
2021-12-25,denmark-1_16.tif
2021-01-31,south-america_20.tif
2021-08-14,east-africa_136.tif
2021-04-26,senegal_65.tif
2021-11-13,nigeria_88.tif
2021-12-30,ghana-1_62.tif
2021-05-23,ghana-1_132.tif
2021-07-08,senegal_46.tif
2021-08-31,south-america_14.tif
2021-06-08,denmark-2_27.tif
2021-10-21,senegal_57.tif
2021-10-05,east-africa_49.tif
2021-06-17,ghana-1_115.tif
2021-12-08,south-america_55.tif
2021-03-08,nigeria_112.tif
2021-11-20,senegal_26.tif
2021-10-14,senegal_9.tif
2021-02-15,egypt-1_30.tif
2021-07-05,north-america_43.tif
2021-10-14,japan_23.tif
2021-04-27,denmark-1_40.tif
2021-11-20,nigeria_153.tif
2021-02-23,ghana-1_19.tif
2021-01-21,ghana-1_92.tif
2021-02-10,ghana-1_44.tif
2021-07-22,europe_45.tif
2021-01-27,senegal_19.tif
2021-02-20,south-america_63.tif
2021-05-27,senegal_8.tif
2021-02-03,ghana-1_59.tif
2021-05-31,europe_81.tif
2021-04-28,north-america_7.tif
2021-03-15,east-africa_38.tif
2021-03-16,denmark-1_8.tif
2021-06-18,north-america_49.tif
2021-12-10,eq-guinea_1.tif
2021-08-29,japan_33.tif
2021-11-27,ghana-1_78.tif
2021-11-27,ghana-1_241.tif
2021-01-26,ghana-1_109.tif
2021-02-26,europe_64.tif
2021-12-30,ghana-1_36.tif
2021-05-12,japan_0.tif
2021-06-17,ghana-1_106.tif
2021-12-25,egypt-1_74.tif
2021-12-10,nigeria_28.tif
2021-04-06,nigeria_157.tif
2021-11-19,east-africa_46.tif
2021-06-26,japan_34.tif
2021-10-06,senegal_38.tif
2021-06-24,nigeria_67.tif
2021-09-27,east-africa_11.tif
2021-08-14,east-africa_41.tif
2021-06-28,europe_43.tif
2021-07-23,east-africa_167.tif
2021-06-16,europe_27.tif
2021-10-23,egypt-1_32.tif
2021-02-15,ghana-1_207.tif
2021-12-18,east-africa_215.tif
2021-05-29,denmark-2_53.tif
2021-10-14,nigeria_77.tif
2021-01-26,ghana-1_203.tif
2021-08-30,europe_53.tif
2021-12-12,east-africa_166.tif
2021-03-07,egypt-1_28.tif
2021-06-03,europe_42.tif
2021-10-29,japan_36.tif
2021-03-03,south-america_51.tif
2021-09-01,denmark-1_52.tif
2021-04-26,europe_11.tif
2021-04-14,nigeria_123.tif
2021-10-06,east-africa_39.tif
2021-03-17,egypt-1_42.tif
2021-03-16,denmark-1_23.tif
2021-04-26,europe_91.tif
2021-11-05,europe_30.tif
2021-01-02,nigeria_91.tif
2021-01-09,ghana-1_224.tif
2021-04-01,nigeria_143.tif
2021-08-25,denmark-2_39.tif
2021-08-30,denmark-1_38.tif
2021-05-01,ghana-1_233.tif
2021-09-09,denmark-2_8.tif
2021-05-31,europe_39.tif
2021-07-10,east-africa_34.tif
2021-04-27,japan_1.tif
2021-09-06,ghana-1_73.tif
2021-12-02,ghana-1_190.tif
2021-11-20,ghana-1_21.tif
2021-06-22,europe_80.tif
2021-08-30,denmark-2_40.tif
2021-08-28,europe_83.tif
2021-07-26,japan_22.tif
2021-01-31,south-america_18.tif
2021-01-24,egypt-1_61.tif
2021-06-02,tanzania-3_3.tif
2021-07-08,east-africa_100.tif
2021-03-07,eq-guinea_3.tif
2021-12-31,nigeria_43.tif
2021-06-23,east-africa_119.tif
2021-11-17,ghana-1_216.tif
2021-09-26,east-africa_212.tif
2021-07-16,denmark-2_6.tif
2021-02-10,ghana-1_242.tif
2021-01-26,ghana-1_176.tif
2021-03-20,senegal_59.tif
2021-05-29,denmark-2_42.tif
2021-06-08,denmark-2_41.tif
2021-03-14,north-america_86.tif
2021-08-24,east-africa_114.tif
2021-07-23,north-america_36.tif
2021-01-26,ghana-1_234.tif
2021-11-15,nigeria_166.tif
2021-09-29,japan_35.tif
2021-05-25,nigeria_85.tif
2021-01-11,ghana-1_180.tif
2021-06-10,nigeria_159.tif
2021-03-10,egypt-1_24.tif
2021-06-08,denmark-2_44.tif
2021-12-01,north-america_97.tif
2021-05-11,ghana-1_127.tif
2021-09-19,japan_4.tif
2021-10-04,nigeria_101.tif
2021-04-11,ghana-1_188.tif
2021-04-10,nigeria_179.tif
2021-08-31,east-africa_2.tif
2021-04-20,south-america_52.tif
2021-11-15,east-africa_141.tif
2021-01-25,nigeria_95.tif
2021-04-27,senegal_49.tif
2021-02-13,nigeria_115.tif
2021-09-04,japan_10.tif
2021-05-29,denmark-2_46.tif
2021-06-18,egypt-1_14.tif
2021-01-11,ghana-1_131.tif
2021-01-06,ghana-1_248.tif
2021-07-07,nigeria_63.tif
2021-12-02,ghana-1_252.tif
2021-11-27,ghana-1_154.tif
2021-09-26,east-africa_220.tif
2021-09-28,senegal_68.tif
2021-06-08,denmark-2_51.tif
2021-07-03,europe_63.tif
2021-01-31,south-america_33.tif
2021-05-20,japan_5.tif
2021-06-26,europe_12.tif
2021-02-10,north-america_32.tif
2021-01-26,ghana-1_219.tif
2021-11-25,nigeria_122.tif
2021-03-15,east-africa_96.tif
2021-11-27,ghana-1_123.tif
2021-01-26,ghana-1_183.tif
2021-01-20,nigeria_1.tif
2021-01-26,ghana-1_47.tif
2021-10-24,nigeria_178.tif
2021-07-24,europe_58.tif
2021-03-20,south-america_94.tif
2021-05-23,ghana-1_227.tif
2021-10-25,tanzania-3_5.tif
2021-01-20,nigeria_5.tif
2021-10-12,denmark-2_24.tif
2021-07-03,europe_85.tif
2021-03-13,north-america_54.tif
2021-01-26,ghana-1_178.tif
2021-10-23,east-africa_25.tif
2021-10-09,north-america_55.tif
2021-01-31,east-africa_122.tif
2021-08-23,denmark-2_13.tif
2021-06-26,europe_1.tif
2021-09-25,europe_49.tif
2021-06-02,east-africa_90.tif
2021-03-16,north-america_63.tif
2021-09-04,east-africa_128.tif
2021-03-26,nigeria_4.tif
2021-09-27,east-africa_17.tif
2021-06-24,denmark-1_6.tif
2021-01-13,ghana-1_171.tif
2021-12-16,nigeria_49.tif
2021-01-02,senegal_5.tif
2021-02-28,east-africa_207.tif
2021-12-30,ghana-1_166.tif
2021-01-18,south-america_66.tif
2021-03-23,north-america_66.tif
2021-02-04,north-america_77.tif
2021-10-16,ghana-1_129.tif
2021-06-28,east-africa_185.tif
2021-10-12,japan_6.tif
2021-04-24,denmark-1_50.tif
2021-07-16,denmark-1_37.tif
2021-03-17,senegal_66.tif
2021-07-23,north-america_41.tif
2021-03-16,europe_35.tif
2021-04-25,isreal-2_3.tif
2021-08-04,south-america_7.tif
2021-04-04,nigeria_154.tif
2021-07-16,denmark-1_42.tif
2021-08-20,north-america_73.tif
2021-02-03,senegal_63.tif
2021-06-03,senegal_69.tif
2021-10-15,ghana-1_122.tif
2021-07-16,north-america_56.tif
2021-05-23,ghana-1_169.tif
2021-02-03,nigeria_162.tif
2021-02-13,ghana-1_76.tif
2021-08-28,europe_94.tif
2021-02-13,denmark-1_15.tif
2021-10-05,east-africa_8.tif
2021-08-26,east-africa_86.tif
2021-09-26,east-africa_211.tif
2021-01-23,egypt-1_73.tif
2021-12-23,nigeria_18.tif
2021-05-24,east-africa_172.tif
2021-06-26,japan_26.tif
2021-02-03,nigeria_127.tif
2021-02-27,east-africa_226.tif
2021-08-05,denmark-1_49.tif
2021-05-27,europe_4.tif
2021-06-10,nigeria_140.tif
2021-08-30,denmark-1_32.tif
2021-12-13,nigeria_80.tif
2021-04-26,ghana-1_86.tif
2021-10-23,east-africa_26.tif
2021-10-13,east-africa_135.tif
2021-10-26,south-america_91.tif
2021-06-17,europe_14.tif
2021-12-10,ghana-1_31.tif
2021-07-25,south-america_86.tif
2021-01-26,ghana-1_140.tif
2021-10-14,senegal_2.tif
2021-06-10,south-america_15.tif
2021-09-11,north-america_37.tif
2021-10-11,nigeria_169.tif
2021-07-26,east-africa_131.tif
2021-03-10,south-america_92.tif
2021-07-30,europe_7.tif
2021-01-12,nigeria_68.tif
2021-01-26,ghana-1_1.tif
2021-05-26,north-america_15.tif
2021-01-13,ghana-1_104.tif
2021-05-23,ghana-1_229.tif
2021-11-10,ghana-1_247.tif
2021-04-11,south-america_87.tif
2021-08-26,east-africa_231.tif
2021-04-19,denmark-2_54.tif
2021-06-26,japan_7.tif
2021-04-28,north-america_4.tif
2021-11-20,ghana-1_75.tif
2021-09-09,senegal_39.tif
2021-01-11,ghana-1_196.tif
2021-11-17,ghana-1_239.tif
2021-06-26,south-america_80.tif
2021-08-30,denmark-1_13.tif
2021-04-04,nigeria_120.tif
2021-06-17,ghana-1_137.tif
2021-07-02,south-america_95.tif
2021-01-05,north-america_79.tif
2021-07-24,east-africa_77.tif
2021-01-26,ghana-1_237.tif
2021-08-03,north-america_1.tif
2021-08-13,europe_10.tif
2021-09-23,east-africa_132.tif
2021-07-16,denmark-1_36.tif
2021-06-08,east-africa_111.tif
2021-07-17,europe_44.tif
2021-04-20,denmark-1_14.tif
2021-06-17,ghana-1_138.tif
2021-02-16,nigeria_99.tif
2021-06-17,ghana-1_168.tif
2021-09-04,europe_77.tif
2021-01-01,senegal_58.tif
2021-04-24,denmark-1_51.tif
2021-09-23,south-america_64.tif
2021-05-05,nigeria_87.tif
2021-03-19,east-africa_45.tif
2021-07-07,south-america_35.tif
2021-08-25,east-africa_158.tif
2021-06-26,europe_9.tif
2021-04-19,senegal_60.tif
2021-04-06,ghana-1_85.tif
2021-03-26,nigeria_40.tif
2021-02-07,north-america_10.tif
2021-05-29,denmark-2_50.tif
2021-08-01,north-america_2.tif
2021-07-26,japan_25.tif
2021-03-22,north-america_28.tif
2021-11-17,ghana-1_11.tif
2021-04-25,isreal-1_2.tif
2021-03-08,senegal_25.tif
2021-02-10,ghana-1_53.tif
2021-03-02,east-africa_229.tif
2021-12-10,nigeria_23.tif
2021-08-30,denmark-2_32.tif
2021-08-25,east-africa_105.tif
2021-04-17,senegal_23.tif
2021-06-16,denmark-1_20.tif
2021-11-17,ghana-1_153.tif
2021-04-20,nigeria_79.tif
2021-07-16,denmark-1_44.tif
2021-05-23,ghana-1_170.tif
2021-11-24,east-africa_22.tif
2021-12-18,nigeria_29.tif
2021-04-24,denmark-2_56.tif
2021-12-30,ghana-1_167.tif
2021-03-29,nigeria_60.tif
2021-07-16,denmark-2_26.tif
2021-07-16,denmark-1_9.tif
2021-08-13,east-africa_68.tif
